Title,URL,Date
What Is Data Scraping And How Can You Use It? | Target ...,https://www.targetinternet.com/what-is-data-scraping-and-how-can-you-use-it/,"Sep 13, 2017 · Uploaded by Lucy Provost"
What is Web Scraping and What is it Used For? | ParseHub,https://www.parsehub.com/blog/what-is-web-scraping/,"Aug 6, 2019"
Best Data Scraping Tools for 2020 (Top 10 Reviews) | by ...,https://medium.com/datadriveninvestor/best-data-scraping-tools-for-2019-top-10-reviews-4a686061a184,"May 6, 2019 · Uploaded by Octoparse"
Top 30 Free Web Scraping Software in 2020 | Octoparse,https://www.octoparse.com/blog/top-30-free-web-scraping-software,"May 19, 2020 · Uploaded by Octoparse"
Watch | What is data scraping? - The Hindu,https://www.thehindu.com/sci-tech/technology/what-is-data-scraping/article32908610.ece,"Oct 21, 2020"
What is Web Scraping and How Does Web Crawling Work?,https://www.scrapinghub.com/what-is-web-scraping/,"May 18, 2019 · Uploaded by Scrapinghub"
Data Scraping for SEO & Analytics - Tutorial - Optimize Smart,https://www.optimizesmart.com/data-scraping-guide-for-seo/,"Oct 7, 2011 · Uploaded by Garrett French CL"
20 best web scraping tools for 2020 - ScrapingBee,https://www.scrapingbee.com/blog/web-scraping-tools/,"Feb 19, 2020 · Uploaded by Web Scraper"
Web Scraping Software - UiPath,https://www.uipath.com/solutions/technology/web-scraping-software,"Jan 31, 2015 · Uploaded by UiPath"
Data Scraping and Mining From Websites Free No Coding ...,https://www.youtube.com/watch?v=CKRjXZSgg-g,"Feb 20, 2017 · Uploaded by Just2 Techno"
Top 5 Social Media Scraping Tools for 2020 | Octoparse,https://www.octoparse.com/blog/top-5-social-media-scraping-tools-for-2018,"Oct 17, 2018 · Uploaded by Octoparse"
Web Scraping vs API: What's the Difference? | ParseHub,https://www.parsehub.com/blog/web-scraping-vs-api/,"Mar 9, 2020 · Uploaded by ParseHub"
5 Best Web Scraping Tools in 2020! - YouTube,https://www.youtube.com/watch?v=QbkXCkcmHJI,"Apr 8, 2019 · Uploaded by Octoparse"
ImportFromWeb | Easy Web Scraping - Google Workspace ...,https://gsuite.google.com/marketplace/app/importfromweb_easy_web_scraping/278587576794,"Feb 4, 2020 · Uploaded by NoDataNoBusiness"
Data Scraping From Websites - YouTube,https://www.youtube.com/watch?v=YQbe20G0ZSM,"Jan 5, 2018 · Uploaded by Md Al Amin"
"Big Data: What Is Web Scraping, and Why Does It Matter ...",https://www.octoparse.com/blog/big-data-what-is-web-scraping-and-why-does-it-matter,"Feb 24, 2020 · Uploaded by Octoparse"
What is Web Scraping and What is it Used For? | Definition ...,https://www.youtube.com/watch?v=Ct8Gxo8StBU,"Sep 27, 2019 · Uploaded by ParseHub"
WEB SCRAPING made simple with JAVASCRIPT tutorial ...,https://www.youtube.com/watch?v=TzZ3YOUhCxo,"Jan 9, 2020 · Uploaded by Aaron Jack"
Automate Web Data Extraction and Data Scraping ...,https://www.helpsystems.com/product-lines/automate/data-scraping-extraction,"Sep 5, 2015"
What is Web Scraping and Who is Using it? | Octoparse,https://www.octoparse.com/blog/what-is-web-scraping,"Aug 27, 2018 · Uploaded by Octoparse"
The A-Z of Web Scraping in 2020 [A How-To Guide],https://dataflowkit.com/blog/what-is-a-present-day-web-scraper/,"Jun 7, 2020"
Web Scraping vs Data Mining: What's the Difference ...,https://www.parsehub.com/blog/web-scraping-vs-data-mining/,"Mar 2, 2020 · Uploaded by ParseHub"
10 Myths about Web Scraping [NEW] | Octoparse,https://www.octoparse.com/blog/10-myths-about-web-scraping,"Jul 30, 2019 · Uploaded by Octoparse"
Web Scraping Examples: How are Businesses Using Web ...,https://www.parsehub.com/blog/web-scraping-examples/,"Oct 28, 2019 · Uploaded by ParseHub"
What is DATA SCRAPING? What does DATA SCRAPING ...,https://www.youtube.com/watch?v=omTtMylcWOI,"Sep 21, 2017 · Uploaded by The Audiopedia"
Web Scraping Tutorial - How to Seed your Database with Web ...,https://www.youtube.com/watch?v=_opDs6UPDyo,"Mar 9, 2017 · Uploaded by Fullstack Academy"
Web Crawling vs Web Scraping: The Differences - Blog ...,https://oxylabs.io/blog/crawling-vs-scraping,"Oct 4, 2020 · Uploaded by Oxylabs"
Web Scraping with Python Made Easy | by Jose Manu ...,https://towardsdatascience.com/web-scraping-with-python-made-easy-f069ffaf7754,"Jan 28, 2020 · Uploaded by Coding Fun"
Scraping and Cleaning Data | Journalist's Toolbox,https://www.journaliststoolbox.org/2020/11/01/find-scrape-and-clean-data/,"Nov 1, 2020 · Uploaded by journaliststoolbox"
Web scraping in Python (Part 1): Getting started - YouTube,https://www.youtube.com/watch?v=r_xb0vF1uMc,"Aug 11, 2017 · Uploaded by Data School"
Examples of Businesses Who Use Data Scraping | Octoparse,https://www.octoparse.com/blog/examples-of-who-use-data-scraping,"Mar 2, 2020 · Uploaded by Octoparse"
Tidy web scraping in R — Tutorial and resources | by Keith ...,https://towardsdatascience.com/tidy-web-scraping-in-r-tutorial-and-resources-ac9f72b4fe47,"Aug 16, 2019 · Uploaded by Yrrah0015"
Intro To Web Scraping With Python - YouTube,https://www.youtube.com/watch?v=4UcqECQe5Kc,"Jul 29, 2018 · Uploaded by Traversy Media"
using Web Scraper now!,https://webscraper.io/?ref=recruiterstackbyinstalent,"May 14, 2019 · Uploaded by Web Scraper"
Is Web Scraping Easy? How to Scrape Data without Coding ...,https://www.parsehub.com/blog/web-scraping-easy/,"Feb 10, 2020 · Uploaded by ParseHub"
Robust & Resilient Web Scraping with AutoScrape | by Ravi ...,https://medium.com/analytics-vidhya/robust-resilient-web-scraping-with-autoscrape-3988169f1e22,"Sep 27, 2020 · Uploaded by Brandon Roberts"
UiPath Data Scraping (Web Page to Excel) - Tutorial - YouTube,https://www.youtube.com/watch?v=vIAJvk4quqA,"Jan 21, 2020 · Uploaded by Anders Jensen"
Web Scraping : Extract Any Data in 5 Minutes | by Jeevan ...,https://medium.com/@jeevanchavan143/web-scraping-extract-any-data-in-5-minutes-67c8ec01d704,"May 1, 2020 · Uploaded by jeevan chavan"
"Automate Data Extraction – Web Scraping, Screen Scraping ...",https://www.youtube.com/watch?v=NwhG7e67sHo,"Jul 20, 2016 · Uploaded by HelpSystems"
Web scraping: Reliably and efficiently pull data from pages ...,https://www.youtube.com/watch?v=52wxGESwQSA,"Mar 8, 2012 · Uploaded by Next Day Video"
AI Web Scraping: Scrape Ecommerce Website with Auto ...,https://www.youtube.com/watch?v=HDrzUgRW-ec,"May 13, 2020 · Uploaded by Octoparse"
How much does Web Scraping cost? | ParseHub,https://www.parsehub.com/blog/web-scraping-cost/,"Apr 6, 2020 · Uploaded by ParseHub"
Data Scraping is Revolutionary - Rebellion Research,https://www.rebellionresearch.com/blog/data-scraping-is-revolutionary,"Apr 10, 2020 · Uploaded by ParseHub"
Top 20 Web Crawling Tools to Scrape the Websites Quickly ...,https://www.octoparse.com/blog/top-20-web-crawling-tools-for-extracting-web-data,"Aug 23, 2019 · Uploaded by Octoparse"
15 Most Frequently Asked Questions about Web Scraping (Q&A),https://www.octoparse.com/blog/15-most-frequently-asked-questions-of-web-scraping,"Feb 1, 2019 · Uploaded by Octoparse"
What can Web Scraping be Used For? | ParseHub,https://www.parsehub.com/blog/web-scraping-uses/,"Feb 17, 2020 · Uploaded by ParseHub"
difference between data scraping and screen scraping in ...,https://www.youtube.com/watch?v=NNm4dUZwjOU,"Aug 27, 2019 · Uploaded by Parthiban Rajendran"
Effective Data Scraping Tools to Use If You Can't Write Code ...,https://advdms.com/blog/effective-data-scraping-tools-to-use-if-you-cant-write-code/,"Dec 23, 2019 · Uploaded by Advanced Digital Media Services"
Scraping Data from Website to Excel (Tutorial 2020) | Octoparse,https://www.octoparse.com/blog/scraping-data-from-website-to-excel,"Feb 1, 2020 · Uploaded by Octoparse"
Data Scraping Automation Webinar | HelpSystems,https://www.helpsystems.com/resources/on-demand-webinars/automate-data-scraping,"Feb 24, 2017"
Top 10 Web Scraping Tools and Software Compared ...,https://quickemailverification.com/blog/best-web-scraping-tools-compared/,"May 6, 2020 · Uploaded by ProWebScraper"
Can you Make Money from Web Scraping? Of Course ...,https://www.parsehub.com/blog/web-scraping-money/,"Mar 30, 2020"
How to Extract Data From Millions of Web Pages in the Cloud ...,https://www.youtube.com/watch?v=b2Lc5IzWdJw,"Jan 7, 2020 · Uploaded by Octoparse"
Web Scraping and APIs — Interactive Python Course,https://www.dataquest.io/course/apis-and-scraping/,"Oct 27, 2020 · Uploaded by Dataquest"
Web Scraping vs. Data API Scraping - Alternatives to HTML ...,https://www.youtube.com/watch?v=zj7pXM9gE5M,"May 31, 2020 · Uploaded by Stevesie Data"
Extract Data from any Website using Data Scraper - Easy Web ...,https://www.youtube.com/watch?v=B7yyemwCf7g,"Nov 10, 2017 · Uploaded by ITfriend"
How To Scrape Google For 1000's of Leads. Web Scraping ...,https://www.youtube.com/watch?v=EPxeQjKaTsk,"Apr 22, 2020 · Uploaded by Arpit Khurana"
11 Popular Cloud-based Web Scraping Solutions - Geekflare,https://geekflare.com/web-scraping-tools/,"Sep 20, 2020 · Uploaded by Web Scraper"
Web Scraping Tool to Extract Data from Websites - Agenty,https://www.agenty.com/products/scraping-agent/,"Oct 30, 2019 · Uploaded by Agenty"
Web Scraping Tool | Free Browser Extensions | Grepsr,https://www.grepsr.com/browser-extensions/,"Jul 31, 2020"
5 Reasons Why Web Scraping May Benefit Your Business ...,https://www.octoparse.com/blog/why-web-scraping-may-benefit-your-business,"Dec 17, 2019 · Uploaded by Octoparse"
Easy Web Scraping in Power BI - YouTube,https://www.youtube.com/watch?v=RnMrGaiVWtQ,"May 29, 2018 · Uploaded by BI Elite"
Data Scraping Archives - Insight Platforms | Solutions for ...,https://insightplatforms.com/platforms/tags/data-scraping/,"Jan 28, 2020"
Real Estate Web Scraping: Changing This Industry - Blog ...,https://oxylabs.io/blog/data-scraping-for-real-estate,"May 11, 2020 · Uploaded by Oxylabs"
Scrape The Internet To Get Training Data For Your Machine ...,https://blog.datahut.co/scrape-the-internet-to-get-training-data-for-your-machine-learning-model/,"May 26, 2017"
Easy Web Scraping in Python using Pandas for Data Science ...,https://www.youtube.com/watch?v=ooj84UP3r6M,"Apr 13, 2020 · Uploaded by Data Professor"
web scraping using python for beginners - YouTube,https://www.youtube.com/watch?v=0_VZ7NpVw1Y,"Feb 14, 2018 · Uploaded by Hitesh Choudhary"
Sources of Data - Web Scraping Example 2 - YouTube,https://www.youtube.com/watch?v=woQ4y4jlRjk,"Aug 8, 2016 · Uploaded by Udacity"
"Roadwork launches Scraper.AI, finally making web scraping ...",https://www.prweb.com/releases/2020/10/prweb17480771.htm,"Oct 20, 2020"
Data Scraping and Analysis using Python | by Jasmeet Singh ...,https://towardsdatascience.com/competitive-price-data-scraping-and-analysis-using-python-a1f34758155,"May 24, 2020 · Uploaded by Miguel Albrecht"
The Essential Guide To Web Scraping Tools | Understanding ...,https://understandingdata.com/web-scraping-tools/,"Mar 27, 2020 · Uploaded by ParseHub"
A Guide to Web Scraping with Node.js - YouTube,https://www.youtube.com/watch?v=dXjKh66BR2U,"Jul 24, 2019 · Uploaded by Fireship"
"Web scraping doesn't violate anti-hacking law, appeals court ...",https://arstechnica.com/tech-policy/2019/09/web-scraping-doesnt-violate-anti-hacking-law-appeals-court-rules/,"Sep 9, 2019"
Data Analytics with Python by Web scraping: Illustration with ...,https://towardsdatascience.com/data-analytics-with-python-by-web-scraping-illustration-with-cia-world-factbook-abbdaa687a84,"Mar 3, 2018 · Uploaded by sentdex"
Web Scraping using Beautiful Soup and Selenium for dynamic ...,https://medium.com/ymedialabs-innovation/web-scraping-using-beautiful-soup-and-selenium-for-dynamic-page-2f8ad15efe25,"Feb 15, 2019 · Uploaded by rahul nayak"
Web Scraping API for Data Extraction: A Beginner's Guide ...,https://www.octoparse.com/blog/web-scraping-api-for-data-extraction-a-beginners-guide,"Jan 20, 2020 · Uploaded by Octoparse"
UiPath - How to Data Scrape from a web page and save to ...,https://www.youtube.com/watch?v=96ZfYM3z28w,"Apr 4, 2020 · Uploaded by Anders Jensen"
How to Scrape a Website that Requires Login | ParseHub,https://www.parsehub.com/blog/web-scrape-login/,"Jan 20, 2020 · Uploaded by ParseHub"
Python Tutorial: Web Scraping With Python - YouTube,https://www.youtube.com/watch?v=N19aWH5__J8,"Mar 9, 2020 · Uploaded by DataCamp"
An Intro to Web Scraping with Python - Chi Hack Night ...,https://chihacknight.org/blog/2014/11/26/an-intro-to-web-scraping-with-python.html,"Nov 26, 2014 · Uploaded by Webucator"
Scrape Data from Facebook - YouTube,https://www.youtube.com/watch?v=nAken72yF84,"Jun 21, 2016 · Uploaded by Octoparse"
What is WEB SCRAPING? What does WEB SCRAPING mean ...,https://www.youtube.com/watch?v=7IUfRVYew-o,"Jan 19, 2017 · Uploaded by The Audiopedia"
Interworks - Scraping Web Data with Alteryx - Inspire 2017 ...,https://www.youtube.com/watch?v=mX6Di7bfV8M,"Jul 6, 2017 · Uploaded by Alteryx"
How does web scraping work? | ParseHub,https://www.parsehub.com/blog/how-web-scraping-works/,"Feb 24, 2020 · Uploaded by ParseHub"
Scraping the web with Python - YouTube,https://www.youtube.com/watch?v=zpJjMEHGMRg,"Nov 9, 2016 · Uploaded by DataCamp"
Web scraping using Python – Linux Hint,https://linuxhint.com/web_scraping_python/,"Oct 7, 2019"
5 Top Tips for Data Scraping Using Selenium in Python | by ...,https://towardsdatascience.com/5-top-tips-for-data-scraping-using-selenium-d8b83804681c,"Aug 9, 2020 · Uploaded by Stephen Fordham"
Data scraping from single pages | Octoparse,https://www.octoparse.com/tutorial/single-page-web-scraping-octoparse,"Jun 23, 2016 · Uploaded by Octoparse"
How to Generate Sales Leads Using Web Scraping | Octoparse,https://www.octoparse.com/blog/lead-generation-with-web-scraping,"Sep 27, 2019 · Uploaded by Octoparse"
How to Scrape Data from a News Website | ParseHub,https://www.parsehub.com/blog/scrape-news-website/,"Jun 11, 2020 · Uploaded by ParseHub"
Screen Scraping Software - RPA | UiPath,https://www.uipath.com/solutions/technology/screen-scraping,"Dec 5, 2014 · Uploaded by UiPath"
Web Scraping with Python: Illustration with CIA World Factbook,https://www.kdnuggets.com/2018/03/web-scraping-python-cia-world-factbook.html,"Mar 4, 2018 · Uploaded by sentdex"
Beautiful Soup Tutorial - Web Scraping in Python - YouTube,https://www.youtube.com/watch?v=87Gx3U0BDlo,"Jan 4, 2019 · Uploaded by freeCodeCamp.org"
Web Scraping Services - 1/3 of fortune 500 companies trust ...,https://www.mozenda.com/services/,"Mar 1, 2019"
Price Scraping: How to Scrape Product Details from E ...,https://www.octoparse.com/blog/price-scraping-octoparse-free-web-scraping-software,"May 11, 2020 · Uploaded by Octoparse"
Is Web Scraping Legal? | ParseHub,https://www.parsehub.com/blog/web-scraping-legal/,"Oct 7, 2019 · Uploaded by ParseHub"
The A-Z of Web Scraping in 2020 [A How-To Guide] - DZone ...,https://dzone.com/articles/the-a-z-of-web-scraping-in-2020-a-how-to-guide,"Sep 1, 2020 · Uploaded by Dmitry Narizhnykh"
How to Use Content Scrapers to Automate these 7 SEO Hacks,https://neilpatel.com/blog/automate-seo-with-content-scrapers/,"Feb 16, 2018 · Uploaded by Neil Patel"
Automated Web Scraping in R Part 1| Writing your Script using ...,https://www.youtube.com/watch?v=smriIBG08ok,"Dec 19, 2018 · Uploaded by Data Science Dojo"
Web Scraping With Google Sheets | Hacker Noon,https://hackernoon.com/web-scraping-with-google-sheets-20d0dce323cc,"May 16, 2018 · Uploaded by Ben R"
